{
	"info": {
		"_postman_id": "event-planner-api-collection",
		"name": "Event Planner Backend API",
		"description": "Complete API collection for Event Planner Backend with MySQL support",
		"schema": "https://schema.getpostman.com/json/collection/v2.1.0/collection.json"
	},
	"item": [
		{
			"name": "Health Check",
			"item": [
				{
					"name": "Ping",
					"request": {
						"method": "GET",
						"header": [],
						"url": {
							"raw": "{{base_url}}/api/ping",
							"host": [
								"{{base_url}}"
							],
							"path": [
								"api",
								"ping"
							]
						},
						"description": "Health check endpoint to verify the server is running"
					},
					"response": []
				}
			]
		},
		{
			"name": "Authentication",
			"item": [
				{
					"name": "Signup",
					"event": [
						{
							"listen": "test",
							"script": {
								"exec": [
									"if (pm.response.code === 201) {",
									"    var jsonData = pm.response.json();",
									"    pm.environment.set(\"user_id\", jsonData.id);",
									"    pm.environment.set(\"user_email\", jsonData.email);",
									"}"
								],
								"type": "text/javascript"
							}
						}
					],
					"request": {
						"method": "POST",
						"header": [
							{
								"key": "Content-Type",
								"value": "application/json"
							}
						],
						"body": {
							"mode": "raw",
							"raw": "{\n    \"name\": \"John Doe\",\n    \"email\": \"john.doe@example.com\",\n    \"password\": \"password123\"\n}"
						},
						"url": {
							"raw": "{{base_url}}/api/signup",
							"host": [
								"{{base_url}}"
							],
							"path": [
								"api",
								"signup"
							]
						},
						"description": "Create a new user account"
					},
					"response": []
				},
				{
					"name": "Login",
					"event": [
						{
							"listen": "test",
							"script": {
								"exec": [
									"if (pm.response.code === 200) {",
									"    var jsonData = pm.response.json();",
									"    pm.environment.set(\"auth_token\", jsonData.token);",
									"    pm.environment.set(\"user_id\", jsonData.user.id);",
									"}"
								],
								"type": "text/javascript"
							}
						}
					],
					"request": {
						"method": "POST",
						"header": [
							{
								"key": "Content-Type",
								"value": "application/json"
							}
						],
						"body": {
							"mode": "raw",
							"raw": "{\n    \"email\": \"john.doe@example.com\",\n    \"password\": \"password123\"\n}"
						},
						"url": {
							"raw": "{{base_url}}/api/login",
							"host": [
								"{{base_url}}"
							],
							"path": [
								"api",
								"login"
							]
						},
						"description": "Login and get JWT token"
					},
					"response": []
				}
			]
		},
		{
			"name": "Events",
			"item": [
				{
					"name": "Create Event",
					"event": [
						{
							"listen": "test",
							"script": {
								"exec": [
									"if (pm.response.code === 201) {",
									"    var jsonData = pm.response.json();",
									"    pm.environment.set(\"event_id\", jsonData.id);",
									"}"
								],
								"type": "text/javascript"
							}
						}
					],
					"request": {
						"auth": {
							"type": "bearer",
							"bearer": [
								{
									"key": "token",
									"value": "{{auth_token}}",
									"type": "string"
								}
							]
						},
						"method": "POST",
						"header": [
							{
								"key": "Content-Type",
								"value": "application/json"
							}
						],
						"body": {
							"mode": "raw",
							"raw": "{\n    \"title\": \"Summer Music Festival\",\n    \"description\": \"Annual summer music festival with multiple artists\",\n    \"location\": \"Central Park, New York\",\n    \"eventDate\": \"2024-07-15\",\n    \"eventTime\": \"18:00:00\"\n}"
						},
						"url": {
							"raw": "{{base_url}}/api/events",
							"host": [
								"{{base_url}}"
							],
							"path": [
								"api",
								"events"
							]
						},
						"description": "Create a new event (requires authentication)"
					},
					"response": []
				},
				{
					"name": "Get My Organized Events",
					"request": {
						"auth": {
							"type": "bearer",
							"bearer": [
								{
									"key": "token",
									"value": "{{auth_token}}",
									"type": "string"
								}
							]
						},
						"method": "GET",
						"header": [],
						"url": {
							"raw": "{{base_url}}/api/events/organized",
							"host": [
								"{{base_url}}"
							],
							"path": [
								"api",
								"events",
								"organized"
							]
						},
						"description": "Get all events organized by the authenticated user"
					},
					"response": []
				},
				{
					"name": "Get My Invited Events",
					"request": {
						"auth": {
							"type": "bearer",
							"bearer": [
								{
									"key": "token",
									"value": "{{auth_token}}",
									"type": "string"
								}
							]
						},
						"method": "GET",
						"header": [],
						"url": {
							"raw": "{{base_url}}/api/events/invited",
							"host": [
								"{{base_url}}"
							],
							"path": [
								"api",
								"events",
								"invited"
							]
						},
						"description": "Get all events the authenticated user is invited to"
					},
					"response": []
				},
				{
					"name": "Get Event Details",
					"request": {
						"auth": {
							"type": "bearer",
							"bearer": [
								{
									"key": "token",
									"value": "{{auth_token}}",
									"type": "string"
								}
							]
						},
						"method": "GET",
						"header": [],
						"url": {
							"raw": "{{base_url}}/api/events/{{event_id}}",
							"host": [
								"{{base_url}}"
							],
							"path": [
								"api",
								"events",
								"{{event_id}}"
							]
						},
						"description": "Get detailed information about a specific event"
					},
					"response": []
				},
				{
					"name": "Delete Event",
					"request": {
						"auth": {
							"type": "bearer",
							"bearer": [
								{
									"key": "token",
									"value": "{{auth_token}}",
									"type": "string"
								}
							]
						},
						"method": "DELETE",
						"header": [],
						"url": {
							"raw": "{{base_url}}/api/events/{{event_id}}",
							"host": [
								"{{base_url}}"
							],
							"path": [
								"api",
								"events",
								"{{event_id}}"
							]
						},
						"description": "Delete an event (only creator can delete)"
					},
					"response": []
				},
				{
					"name": "Invite User to Event",
					"request": {
						"auth": {
							"type": "bearer",
							"bearer": [
								{
									"key": "token",
									"value": "{{auth_token}}",
									"type": "string"
								}
							]
						},
						"method": "POST",
						"header": [
							{
								"key": "Content-Type",
								"value": "application/json"
							}
						],
						"body": {
							"mode": "raw",
							"raw": "{\n    \"email\": \"jane.doe@example.com\",\n    \"role\": \"attendee\"\n}"
						},
						"url": {
							"raw": "{{base_url}}/api/events/{{event_id}}/invite",
							"host": [
								"{{base_url}}"
							],
							"path": [
								"api",
								"events",
								"{{event_id}}",
								"invite"
							]
						},
						"description": "Invite a user to an event (organizer only)"
					},
					"response": []
				}
			]
		},
		{
			"name": "Attendance",
			"item": [
				{
					"name": "Update Attendance Status",
					"request": {
						"auth": {
							"type": "bearer",
							"bearer": [
								{
									"key": "token",
									"value": "{{auth_token}}",
									"type": "string"
								}
							]
						},
						"method": "PUT",
						"header": [
							{
								"key": "Content-Type",
								"value": "application/json"
							}
						],
						"body": {
							"mode": "raw",
							"raw": "{\n    \"status\": \"going\"\n}"
						},
						"url": {
							"raw": "{{base_url}}/api/events/{{event_id}}/attendance",
							"host": [
								"{{base_url}}"
							],
							"path": [
								"api",
								"events",
								"{{event_id}}",
								"attendance"
							]
						},
						"description": "Update attendance status (going, maybe, not_going)"
					},
					"response": []
				},
				{
					"name": "Get Event Attendees",
					"request": {
						"auth": {
							"type": "bearer",
							"bearer": [
								{
									"key": "token",
									"value": "{{auth_token}}",
									"type": "string"
								}
							]
						},
						"method": "GET",
						"header": [],
						"url": {
							"raw": "{{base_url}}/api/events/{{event_id}}/attendees",
							"host": [
								"{{base_url}}"
							],
							"path": [
								"api",
								"events",
								"{{event_id}}",
								"attendees"
							]
						},
						"description": "Get list of attendees for an event (organizer only)"
					},
					"response": []
				}
			]
		},
		{
			"name": "Search",
			"item": [
				{
					"name": "Search Events and Tasks",
					"request": {
						"auth": {
							"type": "bearer",
							"bearer": [
								{
									"key": "token",
									"value": "{{auth_token}}",
									"type": "string"
								}
							]
						},
						"method": "GET",
						"header": [],
						"url": {
							"raw": "{{base_url}}/api/search?keyword=music&type=all&role=organizer",
							"host": [
								"{{base_url}}"
							],
							"path": [
								"api",
								"search"
							],
							"query": [
								{
									"key": "keyword",
									"value": "music",
									"description": "Search keyword"
								},
								{
									"key": "type",
									"value": "all",
									"description": "Search type: events, tasks, or all"
								},
								{
									"key": "role",
									"value": "organizer",
									"description": "Filter by role: organizer or attendee"
								}
							]
						},
						"description": "Search events and tasks with filters"
					},
					"response": []
				}
			]
		}
	],
	"variable": [
		{
			"key": "base_url",
			"value": "http://localhost:8080",
			"type": "string"
		},
		{
			"key": "auth_token",
			"value": "",
			"type": "string"
		},
		{
			"key": "event_id",
			"value": "",
			"type": "string"
		},
		{
			"key": "user_id",
			"value": "",
			"type": "string"
		},
		{
			"key": "user_email",
			"value": "",
			"type": "string"
		}
	]
}

